"Status","Start Time","Stop Time","Duration in ms","Parent Suite","Suite","Sub Suite","Test Class","Test Method","Name","Description"
"passed","Wed Mar 30 21:46:05 CST 2022","Wed Mar 30 21:46:05 CST 2022","0","","test_calc","TestOfCalc","","","乘法运算验证",""
"passed","Wed Mar 30 21:46:05 CST 2022","Wed Mar 30 21:46:05 CST 2022","0","","test_calc","TestOfCalc","","","乘法运算验证",""
"passed","Wed Mar 30 21:46:05 CST 2022","Wed Mar 30 21:46:05 CST 2022","0","","test_calc","TestOfCalc","","","减法运算验证",""
"passed","Wed Mar 30 21:46:05 CST 2022","Wed Mar 30 21:46:05 CST 2022","0","","test_calc","TestOfCalc","","","除法运算验证",""
"passed","Wed Mar 30 21:46:05 CST 2022","Wed Mar 30 21:46:05 CST 2022","0","","test_calc","TestOfCalc","","","减法运算验证",""
"passed","Wed Mar 30 21:46:05 CST 2022","Wed Mar 30 21:46:05 CST 2022","0","","test_calc","TestOfCalc","","","加法运算验证",""
"passed","Wed Mar 30 21:46:05 CST 2022","Wed Mar 30 21:46:05 CST 2022","0","","test_calc","TestOfCalc","","","乘法运算验证",""
"passed","Wed Mar 30 21:46:05 CST 2022","Wed Mar 30 21:46:05 CST 2022","0","","test_calc","TestOfCalc","","","除法运算验证",""
"passed","Wed Mar 30 21:46:05 CST 2022","Wed Mar 30 21:46:05 CST 2022","0","","test_calc","TestOfCalc","","","加法运算验证",""
"passed","Wed Mar 30 21:46:05 CST 2022","Wed Mar 30 21:46:05 CST 2022","0","","test_calc","TestOfCalc","","","除法运算验证",""
"passed","Wed Mar 30 21:46:05 CST 2022","Wed Mar 30 21:46:05 CST 2022","0","","test_calc","TestOfCalc","","","减法运算验证",""
"passed","Wed Mar 30 21:46:05 CST 2022","Wed Mar 30 21:46:05 CST 2022","0","","test_calc","TestOfCalc","","","除法运算验证",""
"passed","Wed Mar 30 21:46:05 CST 2022","Wed Mar 30 21:46:05 CST 2022","1","","test_calc","TestOfCalc","","","减法运算验证",""
"passed","Wed Mar 30 21:46:05 CST 2022","Wed Mar 30 21:46:05 CST 2022","0","","test_calc","TestOfCalc","","","除法运算验证",""
"passed","Wed Mar 30 21:46:05 CST 2022","Wed Mar 30 21:46:05 CST 2022","0","","test_calc","TestOfCalc","","","乘法运算验证",""
"passed","Wed Mar 30 21:46:05 CST 2022","Wed Mar 30 21:46:05 CST 2022","0","","test_calc","TestOfCalc","","","加法运算验证",""
"passed","Wed Mar 30 21:46:05 CST 2022","Wed Mar 30 21:46:05 CST 2022","0","","test_calc","TestOfCalc","","","加法运算验证",""
"passed","Wed Mar 30 21:46:05 CST 2022","Wed Mar 30 21:46:05 CST 2022","0","","test_calc","TestOfCalc","","","加法运算验证",""
"passed","Wed Mar 30 21:46:05 CST 2022","Wed Mar 30 21:46:05 CST 2022","0","","test_calc","TestOfCalc","","","乘法运算验证",""
"passed","Wed Mar 30 21:46:05 CST 2022","Wed Mar 30 21:46:05 CST 2022","0","","test_calc","TestOfCalc","","","减法运算验证",""
